{
"meta":{"test_sets":[],"test_metrics":[],"learn_metrics":[{"best_value":"Min","name":"Logloss"}],"launch_mode":"Train","parameters":"","iteration_count":1000,"learn_sets":["learn"],"name":"experiment"},
"iterations":[
{"learn":[0.6479516979],"iteration":0,"passed_time":1.079792592,"remaining_time":1078.712799},
{"learn":[0.6136947586],"iteration":1,"passed_time":2.005376098,"remaining_time":1000.682673},
{"learn":[0.5878730519],"iteration":2,"passed_time":2.917118297,"remaining_time":969.4556473},
{"learn":[0.5683455475],"iteration":3,"passed_time":3.757222844,"remaining_time":935.5484882},
{"learn":[0.5535024562],"iteration":4,"passed_time":4.642278035,"remaining_time":923.813329},
{"learn":[0.5420769523],"iteration":5,"passed_time":5.605144588,"remaining_time":928.5856201},
{"learn":[0.5331242838],"iteration":6,"passed_time":6.486055653,"remaining_time":920.0933234},
{"learn":[0.5259236448],"iteration":7,"passed_time":7.36204115,"remaining_time":912.8931026},
{"learn":[0.5200902032],"iteration":8,"passed_time":8.267810552,"remaining_time":910.3778064},
{"learn":[0.5150550053],"iteration":9,"passed_time":9.104033386,"remaining_time":901.2993052},
{"learn":[0.5110537664],"iteration":10,"passed_time":9.944421219,"remaining_time":894.0938714},
{"learn":[0.5075714975],"iteration":11,"passed_time":10.74178066,"remaining_time":884.4066078},
{"learn":[0.5045958106],"iteration":12,"passed_time":11.63647279,"remaining_time":883.4768184},
{"learn":[0.5020312727],"iteration":13,"passed_time":12.50629716,"remaining_time":880.8006425},
{"learn":[0.4997599131],"iteration":14,"passed_time":13.30030071,"remaining_time":873.3864131},
{"learn":[0.4977882319],"iteration":15,"passed_time":14.16547059,"remaining_time":871.1764411},
{"learn":[0.4958407867],"iteration":16,"passed_time":14.99184287,"remaining_time":866.881267},
{"learn":[0.4943037041],"iteration":17,"passed_time":15.84800164,"remaining_time":864.5965337},
{"learn":[0.4928944765],"iteration":18,"passed_time":16.68756011,"remaining_time":861.6050773},
{"learn":[0.4916800247],"iteration":19,"passed_time":17.50634875,"remaining_time":857.8110888},
{"learn":[0.4905703917],"iteration":20,"passed_time":18.33074507,"remaining_time":854.5618773},
{"learn":[0.4895910486],"iteration":21,"passed_time":19.12050771,"remaining_time":849.993479},
{"learn":[0.4886898699],"iteration":22,"passed_time":19.96681388,"remaining_time":848.1555287},
{"learn":[0.4877760158],"iteration":23,"passed_time":20.84544907,"remaining_time":847.714929},
{"learn":[0.4870484389],"iteration":24,"passed_time":21.7023867,"remaining_time":846.3930814},
{"learn":[0.4863960013],"iteration":25,"passed_time":22.60394373,"remaining_time":846.7785074},
{"learn":[0.4858089993],"iteration":26,"passed_time":23.37161689,"remaining_time":842.2438235},
{"learn":[0.4852907345],"iteration":27,"passed_time":24.20733944,"remaining_time":840.3404978},
{"learn":[0.4848088546],"iteration":28,"passed_time":25.0690821,"remaining_time":839.3820248},
{"learn":[0.4843733121],"iteration":29,"passed_time":25.80990246,"remaining_time":834.5201797},
{"learn":[0.4839812371],"iteration":30,"passed_time":26.64709615,"remaining_time":832.9366507},
{"learn":[0.4836203775],"iteration":31,"passed_time":27.51636078,"remaining_time":832.3699137},
{"learn":[0.4832322416],"iteration":32,"passed_time":28.38837799,"remaining_time":831.8655004},
{"learn":[0.4829503011],"iteration":33,"passed_time":29.15403127,"remaining_time":828.3174767},
{"learn":[0.482677612],"iteration":34,"passed_time":30.01402275,"remaining_time":827.5294845},
{"learn":[0.482430067],"iteration":35,"passed_time":31.02393474,"remaining_time":830.7520303},
{"learn":[0.482211447],"iteration":36,"passed_time":31.89046234,"remaining_time":830.0139253},
{"learn":[0.4820117842],"iteration":37,"passed_time":32.78867665,"remaining_time":830.0712351},
{"learn":[0.4818300936],"iteration":38,"passed_time":33.66303718,"remaining_time":829.4917622},
{"learn":[0.4816588652],"iteration":39,"passed_time":34.52352653,"remaining_time":828.5646366},
{"learn":[0.4815073669],"iteration":40,"passed_time":35.40152436,"remaining_time":828.0502892},
{"learn":[0.4813728378],"iteration":41,"passed_time":36.2803895,"remaining_time":827.5384082},
{"learn":[0.481244376],"iteration":42,"passed_time":37.13520051,"remaining_time":826.4741136},
{"learn":[0.4811231515],"iteration":43,"passed_time":38.04519241,"remaining_time":826.6182714},
{"learn":[0.4810105917],"iteration":44,"passed_time":38.94563613,"remaining_time":826.5129445},
{"learn":[0.480898546],"iteration":45,"passed_time":39.86681097,"remaining_time":826.8029927},
{"learn":[0.4808084429],"iteration":46,"passed_time":40.77214584,"remaining_time":826.7203188},
{"learn":[0.4807150501],"iteration":47,"passed_time":41.556585,"remaining_time":824.2056025},
{"learn":[0.4806367093],"iteration":48,"passed_time":42.51153967,"remaining_time":825.0709025},
{"learn":[0.4805479454],"iteration":49,"passed_time":43.48356287,"remaining_time":826.1876946},
{"learn":[0.48047373],"iteration":50,"passed_time":44.40883297,"remaining_time":826.3525978},
{"learn":[0.480410121],"iteration":51,"passed_time":45.28380711,"remaining_time":825.5586373},
{"learn":[0.4803399526],"iteration":52,"passed_time":46.21034897,"remaining_time":825.6830278},
{"learn":[0.4802761516],"iteration":53,"passed_time":47.03323636,"remaining_time":823.9526222},
{"learn":[0.4802204634],"iteration":54,"passed_time":48.0054781,"remaining_time":824.8213965},
{"learn":[0.480168006],"iteration":55,"passed_time":48.86178728,"remaining_time":823.6701285},
{"learn":[0.4801170239],"iteration":56,"passed_time":49.64800362,"remaining_time":821.3696037},
{"learn":[0.4800593013],"iteration":57,"passed_time":50.56950104,"remaining_time":821.3184479},
{"learn":[0.4800021228],"iteration":58,"passed_time":51.42459179,"remaining_time":820.1786588},
{"learn":[0.479956337],"iteration":59,"passed_time":52.3700259,"remaining_time":820.463739},
{"learn":[0.4799112456],"iteration":60,"passed_time":53.22512285,"remaining_time":819.3178747},
{"learn":[0.47982613],"iteration":61,"passed_time":54.12380344,"remaining_time":818.8407681},
{"learn":[0.4797890976],"iteration":62,"passed_time":54.93027611,"remaining_time":816.9788686},
{"learn":[0.4797479241],"iteration":63,"passed_time":56.04141025,"remaining_time":819.6056249},
{"learn":[0.4797107625],"iteration":64,"passed_time":56.90460183,"remaining_time":818.550811},
{"learn":[0.479674543],"iteration":65,"passed_time":57.8019644,"remaining_time":817.985375},
{"learn":[0.4796392477],"iteration":66,"passed_time":58.72563391,"remaining_time":817.7763647},
{"learn":[0.4796068948],"iteration":67,"passed_time":59.55434735,"remaining_time":816.2448783},
{"learn":[0.4795797391],"iteration":68,"passed_time":60.44955284,"remaining_time":815.630923},
{"learn":[0.4795479262],"iteration":69,"passed_time":61.42254156,"remaining_time":816.0423379},
{"learn":[0.4795194847],"iteration":70,"passed_time":62.31978597,"remaining_time":815.4236783},
{"learn":[0.4794949479],"iteration":71,"passed_time":63.17171099,"remaining_time":814.2131638},
{"learn":[0.4794696488],"iteration":72,"passed_time":64.04093662,"remaining_time":813.2321677},
{"learn":[0.4794402469],"iteration":73,"passed_time":64.91447354,"remaining_time":812.3081419},
{"learn":[0.47941457],"iteration":74,"passed_time":65.68955622,"remaining_time":810.1711934},
{"learn":[0.4793825302],"iteration":75,"passed_time":66.45978112,"remaining_time":808.0110231},
{"learn":[0.479362115],"iteration":76,"passed_time":67.34712177,"remaining_time":807.2908232},
{"learn":[0.4793408639],"iteration":77,"passed_time":68.23423375,"remaining_time":806.5636348},
{"learn":[0.479321446],"iteration":78,"passed_time":69.10319339,"remaining_time":805.6207735},
{"learn":[0.4793023388],"iteration":79,"passed_time":69.98944285,"remaining_time":804.8785927},
{"learn":[0.4792764089],"iteration":80,"passed_time":70.8744847,"remaining_time":804.1191536},
{"learn":[0.4792625112],"iteration":81,"passed_time":71.75024762,"remaining_time":803.2527722},
{"learn":[0.4792367348],"iteration":82,"passed_time":72.80109433,"remaining_time":804.3205241},
{"learn":[0.4792142246],"iteration":83,"passed_time":73.99972201,"remaining_time":806.9493495},
{"learn":[0.4791982702],"iteration":84,"passed_time":74.85871189,"remaining_time":805.8320162},
{"learn":[0.4791748376],"iteration":85,"passed_time":75.70668332,"remaining_time":804.6035878},
{"learn":[0.4791546472],"iteration":86,"passed_time":76.55642038,"remaining_time":803.4024346},
{"learn":[0.4791059543],"iteration":87,"passed_time":77.39833364,"remaining_time":802.128185},
{"learn":[0.4790831977],"iteration":88,"passed_time":78.23122354,"remaining_time":800.7712882},
{"learn":[0.479065461],"iteration":89,"passed_time":79.1225234,"remaining_time":800.0166255},
{"learn":[0.4790416776],"iteration":90,"passed_time":79.94739488,"remaining_time":798.595406},
{"learn":[0.4790198498],"iteration":91,"passed_time":80.73892573,"remaining_time":796.8580931},
{"learn":[0.4789981567],"iteration":92,"passed_time":81.60645335,"remaining_time":795.8822924},
{"learn":[0.4789802442],"iteration":93,"passed_time":82.45177642,"remaining_time":794.6947812},
{"learn":[0.4789669254],"iteration":94,"passed_time":83.27126701,"remaining_time":793.2683857},
{"learn":[0.4789460328],"iteration":95,"passed_time":84.090962,"remaining_time":791.8565589},
{"learn":[0.4789267017],"iteration":96,"passed_time":85.04642779,"remaining_time":791.720869},
{"learn":[0.4789090165],"iteration":97,"passed_time":85.90312567,"remaining_time":790.6593812},
{"learn":[0.4788871354],"iteration":98,"passed_time":86.90303002,"remaining_time":790.905354},
{"learn":[0.4788694852],"iteration":99,"passed_time":87.91224019,"remaining_time":791.2101617},
{"learn":[0.4788584002],"iteration":100,"passed_time":88.85280106,"remaining_time":790.8779025},
{"learn":[0.4788487529],"iteration":101,"passed_time":89.58512672,"remaining_time":788.7004294},
{"learn":[0.4788293817],"iteration":102,"passed_time":90.53437538,"remaining_time":788.4401429},
{"learn":[0.4788146469],"iteration":103,"passed_time":91.51826935,"remaining_time":788.4650898},
{"learn":[0.4788051375],"iteration":104,"passed_time":92.53106299,"remaining_time":788.7171559},
{"learn":[0.4787951483],"iteration":105,"passed_time":93.37697354,"remaining_time":787.5378712},
{"learn":[0.4787843817],"iteration":106,"passed_time":94.2285899,"remaining_time":786.4124372},
{"learn":[0.4787691903],"iteration":107,"passed_time":95.15643861,"remaining_time":785.9216967},
{"learn":[0.4787524669],"iteration":108,"passed_time":96.16158257,"remaining_time":786.0547713},
{"learn":[0.4787329202],"iteration":109,"passed_time":96.96781417,"remaining_time":784.5577692},
{"learn":[0.4787169109],"iteration":110,"passed_time":98.0227083,"remaining_time":785.0647539},
{"learn":[0.4786981934],"iteration":111,"passed_time":99.11695548,"remaining_time":785.8558613},
{"learn":[0.4786867688],"iteration":112,"passed_time":100.1480939,"remaining_time":786.1182236},
{"learn":[0.4786695632],"iteration":113,"passed_time":101.0319506,"remaining_time":785.21323},
{"learn":[0.4786574379],"iteration":114,"passed_time":102.2903418,"remaining_time":787.1908911},
{"learn":[0.4786470952],"iteration":115,"passed_time":103.1484488,"remaining_time":786.0623167},
{"learn":[0.4786280831],"iteration":116,"passed_time":104.0251787,"remaining_time":785.0789128},
{"learn":[0.4786068619],"iteration":117,"passed_time":104.8367045,"remaining_time":783.609944},
{"learn":[0.4785942636],"iteration":118,"passed_time":105.7690793,"remaining_time":783.0467129},
{"learn":[0.4785762815],"iteration":119,"passed_time":106.7217973,"remaining_time":782.6265137},
{"learn":[0.478560251],"iteration":120,"passed_time":107.662705,"remaining_time":782.1117166},
{"learn":[0.4785413802],"iteration":121,"passed_time":108.752141,"remaining_time":782.6588511},
{"learn":[0.4785248459],"iteration":122,"passed_time":109.788283,"remaining_time":782.799384},
{"learn":[0.4785121654],"iteration":123,"passed_time":110.546668,"remaining_time":780.9587189},
{"learn":[0.4785000956],"iteration":124,"passed_time":111.4423878,"remaining_time":780.0967145},
{"learn":[0.4784871946],"iteration":125,"passed_time":112.3508346,"remaining_time":779.3224556},
{"learn":[0.4784703515],"iteration":126,"passed_time":113.2479863,"remaining_time":778.4684409},
{"learn":[0.4784539131],"iteration":127,"passed_time":114.2710799,"remaining_time":778.4717315},
{"learn":[0.4784433624],"iteration":128,"passed_time":115.2107588,"remaining_time":777.8958985},
{"learn":[0.4784315967],"iteration":129,"passed_time":116.057466,"remaining_time":776.6922724},
{"learn":[0.4784243951],"iteration":130,"passed_time":116.907711,"remaining_time":775.5175636},
{"learn":[0.4784081925],"iteration":131,"passed_time":117.8948421,"remaining_time":775.2479009},
{"learn":[0.4783971123],"iteration":132,"passed_time":118.9366752,"remaining_time":775.3240407},
{"learn":[0.4783827675],"iteration":133,"passed_time":119.8807829,"remaining_time":774.751925},
{"learn":[0.4783698761],"iteration":134,"passed_time":120.8430247,"remaining_time":774.2904916},
{"learn":[0.4783617669],"iteration":135,"passed_time":121.7245079,"remaining_time":773.3086383},
{"learn":[0.4783458605],"iteration":136,"passed_time":122.6937731,"remaining_time":772.8812128},
{"learn":[0.478339317],"iteration":137,"passed_time":123.5101359,"remaining_time":771.490849},
{"learn":[0.4783035039],"iteration":138,"passed_time":124.4865265,"remaining_time":771.0999953},
{"learn":[0.4782895557],"iteration":139,"passed_time":125.4838611,"remaining_time":770.8294328},
{"learn":[0.4782782592],"iteration":140,"passed_time":126.3986069,"remaining_time":770.0454135},
{"learn":[0.4782667183],"iteration":141,"passed_time":127.518525,"remaining_time":770.4992569},
{"learn":[0.4782611544],"iteration":142,"passed_time":128.4317215,"remaining_time":769.6922053},
{"learn":[0.4782529216],"iteration":143,"passed_time":129.2146775,"remaining_time":768.1094717},
{"learn":[0.478241638],"iteration":144,"passed_time":130.1255696,"remaining_time":767.2921516},
{"learn":[0.478229139],"iteration":145,"passed_time":131.0665305,"remaining_time":766.6494317},
{"learn":[0.478212161],"iteration":146,"passed_time":131.9732534,"remaining_time":765.8039809},
{"learn":[0.4781987237],"iteration":147,"passed_time":132.9404307,"remaining_time":765.3057227},
{"learn":[0.4781858533],"iteration":148,"passed_time":133.9045729,"remaining_time":764.783836},
{"learn":[0.4781754481],"iteration":149,"passed_time":134.9008142,"remaining_time":764.4379473},
{"learn":[0.4781702877],"iteration":150,"passed_time":135.7213509,"remaining_time":763.0955424},
{"learn":[0.4781578062],"iteration":151,"passed_time":136.5959483,"remaining_time":762.0616065},
{"learn":[0.478145632],"iteration":152,"passed_time":137.5110714,"remaining_time":761.2541012},
{"learn":[0.4781358143],"iteration":153,"passed_time":138.5401644,"remaining_time":761.0712929},
{"learn":[0.4781278784],"iteration":154,"passed_time":139.4592307,"remaining_time":760.2777418},
{"learn":[0.4781152044],"iteration":155,"passed_time":140.2788483,"remaining_time":758.9445384},
{"learn":[0.4780999198],"iteration":156,"passed_time":141.1529985,"remaining_time":757.9106863},
{"learn":[0.4780874819],"iteration":157,"passed_time":142.1910347,"remaining_time":757.7522231},
{"learn":[0.4780785527],"iteration":158,"passed_time":143.0714274,"remaining_time":756.7488707},
{"learn":[0.4780672517],"iteration":159,"passed_time":144.2125868,"remaining_time":757.1160805},
{"learn":[0.4780573352],"iteration":160,"passed_time":145.2111091,"remaining_time":756.7212454},
{"learn":[0.4780490832],"iteration":161,"passed_time":146.0760422,"remaining_time":755.627922},
{"learn":[0.478039357],"iteration":162,"passed_time":146.9178054,"remaining_time":754.4184239},
{"learn":[0.4780301821],"iteration":163,"passed_time":147.786247,"remaining_time":753.3494054},
{"learn":[0.4780253307],"iteration":164,"passed_time":148.6732018,"remaining_time":752.3765059},
{"learn":[0.4780179211],"iteration":165,"passed_time":149.5414453,"remaining_time":751.3106348},
{"learn":[0.4780097618],"iteration":166,"passed_time":150.3084841,"remaining_time":749.742319},
{"learn":[0.4779873341],"iteration":167,"passed_time":151.2263037,"remaining_time":748.9302658},
{"learn":[0.4779714946],"iteration":168,"passed_time":152.1266231,"remaining_time":748.0309102},
{"learn":[0.4779630441],"iteration":169,"passed_time":152.9928595,"remaining_time":746.9651375},
{"learn":[0.4779542004],"iteration":170,"passed_time":153.852605,"remaining_time":745.8702312},
{"learn":[0.4779414194],"iteration":171,"passed_time":154.8182396,"remaining_time":745.2878048},
{"learn":[0.4779321204],"iteration":172,"passed_time":155.6845274,"remaining_time":744.2260357},
{"learn":[0.4779111906],"iteration":173,"passed_time":156.7070928,"remaining_time":743.9083832},
{"learn":[0.4779040847],"iteration":174,"passed_time":157.640886,"remaining_time":743.1641767},
{"learn":[0.4778961287],"iteration":175,"passed_time":158.4670984,"remaining_time":741.9141423},
{"learn":[0.4778923902],"iteration":176,"passed_time":159.3213828,"remaining_time":740.799424},
{"learn":[0.4778819865],"iteration":177,"passed_time":160.2407545,"remaining_time":739.9882032},
{"learn":[0.4778756507],"iteration":178,"passed_time":161.3421567,"remaining_time":740.0106739},
{"learn":[0.4778687978],"iteration":179,"passed_time":162.2701406,"remaining_time":739.2306406},
{"learn":[0.4778625322],"iteration":180,"passed_time":163.2323752,"remaining_time":738.6039516},
{"learn":[0.4778519839],"iteration":181,"passed_time":164.0720992,"remaining_time":737.4229512},
{"learn":[0.4778461946],"iteration":182,"passed_time":165.0137209,"remaining_time":736.7006009},
{"learn":[0.4778337579],"iteration":183,"passed_time":165.8984706,"remaining_time":735.7236524},
{"learn":[0.4778277346],"iteration":184,"passed_time":166.6355451,"remaining_time":734.0971312},
{"learn":[0.4778214487],"iteration":185,"passed_time":167.4418875,"remaining_time":732.7833143},
{"learn":[0.4778146058],"iteration":186,"passed_time":168.2691638,"remaining_time":731.5659369},
{"learn":[0.4778076077],"iteration":187,"passed_time":168.9952102,"remaining_time":729.9154822},
{"learn":[0.4778001031],"iteration":188,"passed_time":169.8722199,"remaining_time":728.9225944},
{"learn":[0.4777897004],"iteration":189,"passed_time":170.8206434,"remaining_time":728.2353747},
{"learn":[0.4777853558],"iteration":190,"passed_time":171.753634,"remaining_time":727.4800517},
{"learn":[0.4777807182],"iteration":191,"passed_time":172.6151637,"remaining_time":726.4221471},
{"learn":[0.4777626464],"iteration":192,"passed_time":173.6104814,"remaining_time":725.9256917},
{"learn":[0.4777521824],"iteration":193,"passed_time":174.6352566,"remaining_time":725.5464783},
{"learn":[0.4777389002],"iteration":194,"passed_time":175.7255053,"remaining_time":725.430932},
{"learn":[0.4777296917],"iteration":195,"passed_time":176.7832991,"remaining_time":725.1723087},
{"learn":[0.4777239155],"iteration":196,"passed_time":177.589641,"remaining_time":723.8806178},
{"learn":[0.4777183199],"iteration":197,"passed_time":178.4646875,"remaining_time":722.8721182},
{"learn":[0.4777054178],"iteration":198,"passed_time":179.449849,"remaining_time":722.3081861},
{"learn":[0.4776995602],"iteration":199,"passed_time":180.3122926,"remaining_time":721.2491705},
{"learn":[0.4776935952],"iteration":200,"passed_time":181.2524443,"remaining_time":720.5010101},
{"learn":[0.4776883422],"iteration":201,"passed_time":182.1162653,"remaining_time":719.4494045},
{"learn":[0.4776781753],"iteration":202,"passed_time":183.0395211,"remaining_time":718.6329966},
{"learn":[0.4776677724],"iteration":203,"passed_time":183.9352155,"remaining_time":717.7079979},
{"learn":[0.4776626805],"iteration":204,"passed_time":184.8410243,"remaining_time":716.8225087},
{"learn":[0.4776511713],"iteration":205,"passed_time":185.8357995,"remaining_time":716.279732},
{"learn":[0.4776427093],"iteration":206,"passed_time":186.8696642,"remaining_time":715.8823367},
{"learn":[0.4776348272],"iteration":207,"passed_time":187.6778653,"remaining_time":714.619564},
{"learn":[0.4776146453],"iteration":208,"passed_time":188.6991481,"remaining_time":714.167589},
{"learn":[0.4775997847],"iteration":209,"passed_time":189.6589131,"remaining_time":713.4787683},
{"learn":[0.4775938154],"iteration":210,"passed_time":190.5868678,"remaining_time":712.66843},
{"learn":[0.477581786],"iteration":211,"passed_time":191.5102646,"remaining_time":711.8400401},
{"learn":[0.4775695699],"iteration":212,"passed_time":192.5076046,"remaining_time":711.2839662},
{"learn":[0.4775649005],"iteration":213,"passed_time":193.3797719,"remaining_time":710.2640222},
{"learn":[0.4775604313],"iteration":214,"passed_time":194.3048435,"remaining_time":709.4386148},
{"learn":[0.4775537801],"iteration":215,"passed_time":195.0818423,"remaining_time":708.0748349},
{"learn":[0.4775466661],"iteration":216,"passed_time":195.9379833,"remaining_time":707.0020319},
{"learn":[0.4775379624],"iteration":217,"passed_time":196.769111,"remaining_time":705.8414898},
{"learn":[0.4775338134],"iteration":218,"passed_time":197.5515379,"remaining_time":704.5102789},
{"learn":[0.4775253287],"iteration":219,"passed_time":198.4279425,"remaining_time":703.5172508},
{"learn":[0.4775205791],"iteration":220,"passed_time":199.4157057,"remaining_time":702.9178043},
{"learn":[0.4775145226],"iteration":221,"passed_time":200.2698962,"remaining_time":701.8467533},
{"learn":[0.4775013674],"iteration":222,"passed_time":201.2353957,"remaining_time":701.1654819},
{"learn":[0.4774929552],"iteration":223,"passed_time":202.1986173,"remaining_time":700.4737813},
{"learn":[0.4774852193],"iteration":224,"passed_time":203.1466168,"remaining_time":699.7272358},
{"learn":[0.4774741158],"iteration":225,"passed_time":204.0647925,"remaining_time":698.8767671},
{"learn":[0.4774682017],"iteration":226,"passed_time":204.9806141,"remaining_time":698.0176859},
{"learn":[0.477463239],"iteration":227,"passed_time":205.7435038,"remaining_time":696.6402849},
{"learn":[0.4774544811],"iteration":228,"passed_time":206.6899122,"remaining_time":695.8861238},
{"learn":[0.4774485317],"iteration":229,"passed_time":207.6300232,"remaining_time":695.1092082},
{"learn":[0.477441088],"iteration":230,"passed_time":208.5037498,"remaining_time":694.1098857},
{"learn":[0.477435635],"iteration":231,"passed_time":209.4183266,"remaining_time":693.2468742},
{"learn":[0.4774317448],"iteration":232,"passed_time":210.2650408,"remaining_time":692.1600271},
{"learn":[0.4774270441],"iteration":233,"passed_time":211.1087286,"remaining_time":691.0653253},
{"learn":[0.4774201155],"iteration":234,"passed_time":212.0420542,"remaining_time":690.2645595},
{"learn":[0.4774138082],"iteration":235,"passed_time":213.0365472,"remaining_time":689.6606867},
{"learn":[0.4774025819],"iteration":236,"passed_time":214.038375,"remaining_time":689.0771313},
{"learn":[0.4773976322],"iteration":237,"passed_time":214.8967514,"remaining_time":688.0307753},
{"learn":[0.4773930517],"iteration":238,"passed_time":215.7498312,"remaining_time":686.9691279},
{"learn":[0.4773892384],"iteration":239,"passed_time":216.9075517,"remaining_time":686.8739136},
{"learn":[0.4773773094],"iteration":240,"passed_time":218.2023226,"remaining_time":687.2015057},
{"learn":[0.4773664154],"iteration":241,"passed_time":219.3224658,"remaining_time":686.9687153},
{"learn":[0.4773591922],"iteration":242,"passed_time":220.2993145,"remaining_time":686.2822266},
{"learn":[0.477350161],"iteration":243,"passed_time":221.2902998,"remaining_time":685.6371583},
{"learn":[0.4773436429],"iteration":244,"passed_time":222.2461352,"remaining_time":684.8809473},
{"learn":[0.4773379022],"iteration":245,"passed_time":223.2852144,"remaining_time":684.3782588},
{"learn":[0.4773321466],"iteration":246,"passed_time":224.1935051,"remaining_time":683.4725076},
{"learn":[0.4773219407],"iteration":247,"passed_time":225.168495,"remaining_time":682.7689849},
{"learn":[0.4773164502],"iteration":248,"passed_time":226.1275865,"remaining_time":682.0153312},
{"learn":[0.4773131125],"iteration":249,"passed_time":227.1076446,"remaining_time":681.3229339},
{"learn":[0.4773077652],"iteration":250,"passed_time":228.0349768,"remaining_time":680.4709069},
{"learn":[0.4772990578],"iteration":251,"passed_time":229.1519384,"remaining_time":680.1811505},
{"learn":[0.4772953984],"iteration":252,"passed_time":230.1695336,"remaining_time":679.5914689},
{"learn":[0.4772918836],"iteration":253,"passed_time":230.992392,"remaining_time":678.4264741},
{"learn":[0.4772880717],"iteration":254,"passed_time":232.0282771,"remaining_time":677.886535},
{"learn":[0.4772811588],"iteration":255,"passed_time":232.9009965,"remaining_time":676.868521},
{"learn":[0.4772720305],"iteration":256,"passed_time":233.7524737,"remaining_time":675.7902255},
{"learn":[0.4772656971],"iteration":257,"passed_time":234.7716328,"remaining_time":675.1959363},
{"learn":[0.4772610391],"iteration":258,"passed_time":235.7556819,"remaining_time":674.4979161}
]}